{"count":1,"gauges":{},"self":2.5566264,"total":8.4620041999999991,"children":{"AgentResetIfDone":{"count":204,"self":0.0019997,"total":0.0019997,"children":null},"AgentSendState":{"count":204,"self":0.0099882,"total":1.2923527,"children":{"CollectObservations":{"count":204,"self":1.2823645,"total":1.2823645,"children":null}}},"DecideAction":{"count":204,"self":4.1185776,"total":4.5870559,"children":{"AgentInfo.ToProto":{"count":51,"self":0.46847829999999996,"total":0.46847829999999996,"children":null}}},"AcademyStep":{"count":204,"self":0.0019998,"total":0.0019998,"children":null},"AgentAct":{"count":204,"self":0.0219696,"total":0.0219696,"children":null}}}