{"count":1,"gauges":{"Brain.CumulativeReward":{"count":15075,"max":3.69283175,"min":-1.85228491,"value":-1.49884653,"weightedAverage":0.8246931}},"self":3319.7639679999997,"total":11197.5652496,"children":{"AgentSendState":{"count":4559984,"self":102.1867776,"total":222.712458,"children":{"CollectObservations":{"count":912268,"self":13.9928352,"total":13.9928356,"children":null},"AgentInfo.ToProto":{"count":912268,"self":20.331888,"total":106.53284629999999,"children":{"GenerateSensorData":{"count":912268,"self":45.4159328,"total":86.20095839999999,"children":{"RayPerceptionSensor.Perceive":{"count":912268,"self":40.785027199999995,"total":40.785026099999996,"children":null}}}}}}},"DecideAction":{"count":4559984,"self":7569.2146687999993,"total":7569.2150389,"children":null},"AgentAct":{"count":4559984,"self":84.015424,"total":84.0154263,"children":null},"AgentInfo.ToProto":{"count":15075,"self":0.4191629,"total":1.8405178,"children":{"GenerateSensorData":{"count":15075,"self":0.75915159999999993,"total":1.4213548999999999,"children":{"RayPerceptionSensor.Perceive":{"count":15075,"self":0.66220329999999994,"total":0.66220329999999994,"children":null}}}}}}}